annual_income,funded_amount,loan_success,term_months
96600.0,20000,1,60
91000.0,20000,1,36
21000.0,9125,1,36
63400.0,14000,1,36
30000.0,6950,1,36
33000.0,12375,1,36
100000.0,26000,1,36
104000.0,25000,1,60
80040.0,32550,1,60
102000.0,15000,1,36
60000.0,10975,0,36
57000.0,15000,1,60
34000.0,2800,1,36
49000.0,20800,0,60
130000.0,18000,1,36
75000.0,5000,1,36
85500.0,24000,1,36
73000.0,8750,1,36
60000.0,5000,1,36
34000.0,4400,1,36
52000.0,10000,1,36
60000.0,9000,0,36
220000.0,10000,1,36
85000.0,20000,1,36
25000.0,7750,1,36
65000.0,16000,1,60
78000.0,6000,1,36
75000.0,10000,1,36
35000.0,9600,1,36
96000.0,7300,1,36
42000.0,12000,1,36
58000.0,13375,0,36
52800.0,8500,1,36
38484.0,6250,0,36
36000.0,6000,0,36
45676.8,6000,1,36
120000.0,30000,1,36
64488.0,9000,1,60
40000.0,12500,1,36
204000.0,25000,1,36
84000.0,8000,1,60
91000.0,4000,1,36
19000.0,1500,1,36
26000.0,4000,0,36
50000.0,10000,1,60
58000.0,20000,1,36
45000.0,12000,1,36
27000.0,10000,1,36
650000.0,9500,1,36
67000.0,12000,1,36
56000.0,22000,1,60
31243.0,3600,0,60
25000.0,7925,0,36
110000.0,22000,1,36
135000.0,32000,0,60
200000.0,33000,1,36
65000.0,15000,1,36
165000.0,25000,1,60
130000.0,24000,1,36
100000.0,12000,1,36
127000.0,28000,1,36
56840.0,13250,1,36
75000.0,24000,1,60
41004.0,4000,1,36
35000.0,11700,1,36
132350.0,30000,1,60
44410.0,17000,1,60
92700.0,20000,1,36
135000.0,6275,1,36
20160.0,2600,1,36
60000.0,2400,1,36
38000.0,10800,0,36
110004.0,15000,1,36
62900.0,9750,1,36
45000.0,10000,1,60
59903.0,5300,1,36
78000.0,10000,0,36
55000.0,9600,1,36
78400.0,20000,0,60
40000.0,5000,1,36
73000.0,8800,1,36
135000.0,33000,1,60
159760.0,30000,1,60
92000.0,30000,0,36
78000.0,12000,1,36
60000.0,14400,1,60
84000.0,10000,1,36
75000.0,9300,1,36
68000.0,11000,1,36
106000.0,10500,0,36
70000.0,10000,1,36
36000.0,12000,1,36
115000.0,9600,1,36
50000.0,15000,1,36
16800.0,1000,1,36
45000.0,12000,1,36
90000.0,19000,1,36
105000.0,12000,1,36
130000.0,7000,1,36
49305.12,16000,1,36
56824.95,20000,1,36
75000.0,20000,1,36
87000.0,16650,1,36
37000.0,6500,1,36
37000.0,16500,0,60
48000.0,19000,0,60
79500.0,16000,1,60
65000.0,7200,1,36
85000.0,24000,1,36
60000.0,8000,1,36
47000.0,12150,1,60
51000.0,2200,1,36
39875.0,10000,1,36
114996.0,7450,1,36
110000.0,20000,1,36
41000.0,7500,1,36
16500.0,2400,1,36
50000.0,5625,1,36
45000.0,10000,0,60
24960.0,4800,1,36
34500.0,10000,1,36
60000.0,6500,1,36
55000.0,6000,1,36
115000.0,15000,1,36
50000.0,18000,0,60
21000.0,1200,1,36
46500.0,8250,1,60
29000.0,2500,0,36
60000.0,5125,1,36
45000.0,13000,1,60
100000.0,25000,1,36
38000.0,16950,1,60
85000.0,16000,1,36
47000.0,6000,1,36
39520.0,16750,1,36
60740.0,10000,1,36
99500.0,19100,1,36
121000.0,15000,1,36
70000.0,5000,1,36
114000.0,20000,1,60
350000.0,28000,1,60
65000.0,15000,1,36
72000.0,23000,1,60
130000.0,6000,1,36
20400.0,5800,1,36
155769.45,24000,1,36
23500.0,3000,1,36
80000.0,35000,0,60
25000.0,8325,1,36
108000.0,30000,1,36
42000.0,7200,0,36
65000.0,20000,1,36
60000.0,21100,1,60
63000.0,20000,1,36
60000.0,22750,0,60
40000.0,12000,0,60
100000.0,22000,1,36
40000.0,10000,1,36
55000.0,22000,1,36
125000.0,21600,1,36
56566.0,3200,1,36
175000.0,30000,1,36
75000.0,3000,1,36
30000.0,7950,1,36
24000.0,3000,1,36
64000.0,5000,1,36
32000.0,5500,1,36
45000.0,6650,0,36
33600.0,11500,1,36
99671.0,15000,1,36
180000.0,7000,1,36
83684.0,11750,1,36
67000.0,6000,1,36
68750.0,14000,1,60
96000.0,10000,1,36
65500.0,30100,1,60
125000.0,7000,1,36
47700.0,12000,1,60
47000.0,20500,0,60
57000.0,3000,1,36
75000.0,9000,1,36
49000.0,18000,1,36
118000.0,1675,1,36
46226.16,19800,1,36
180000.0,21000,1,36
28000.0,1500,1,36
150000.0,15400,1,36
41600.0,14000,1,60
106000.0,17000,1,60
55000.0,20000,1,60
38700.0,3600,1,36
80000.0,18000,0,60
65000.0,18075,1,36
45000.0,10000,1,36
65000.0,22250,1,36
67000.0,6000,1,36
68000.0,5000,1,36
21500.0,7700,1,36
32000.0,11500,0,36
55500.0,18000,0,60
60000.0,10000,1,36
60000.0,10000,1,36
110000.0,20000,1,36
50000.0,9600,1,36
34000.0,5000,1,36
150000.0,8000,1,36
52000.0,12000,1,36
50000.0,15025,0,36
107000.0,25000,1,36
62000.0,9000,1,60
36000.0,6000,1,36
95000.0,12000,1,60
44880.0,8000,1,36
37000.0,2650,1,36
36400.0,10000,1,36
75000.0,11000,1,36
62500.0,8275,1,36
32000.0,5400,1,36
170000.0,35000,1,60
40000.0,9175,1,36
70000.0,10000,1,36
34088.0,1850,1,36
85000.0,8000,1,36
88000.0,7000,0,36
36144.0,15000,0,36
24000.0,9250,1,36
125000.0,12000,1,36
30000.0,1500,1,36
55517.0,12000,1,36
200000.0,30000,1,36
62000.0,7000,1,36
35000.0,11700,0,36
83500.0,1600,1,36
35000.0,12575,0,60
39400.0,11000,1,60
55000.0,20000,1,36
52000.0,20675,0,36
81000.0,5000,1,36
90000.0,19200,1,60
107004.0,10000,1,36
35000.0,9450,1,36
30000.0,10000,0,36
45900.0,6500,1,36
24000.0,1500,1,36
46000.0,7000,1,36
75000.0,8325,1,36
20400.0,6225,1,36
50200.0,13225,1,36
64100.0,9000,1,36
135000.0,25000,1,36
35100.0,7750,0,36
110000.0,10000,1,36
100000.0,12000,1,36
120000.0,30225,1,60
80000.0,20000,0,60
73000.0,15000,1,36
40000.0,16000,1,60
63000.0,8925,1,36
95000.0,10000,1,36
80000.0,20000,1,60
78400.0,5200,1,36
70000.0,9000,1,36
45000.0,3000,1,36
31000.0,8500,1,36
50000.0,5950,1,36
26000.0,6700,1,36
76000.0,34475,0,60
120000.0,8400,1,36
73000.0,14275,1,60
108000.0,14400,1,36
95000.0,11700,1,36
73100.0,24700,1,36
57000.0,17100,0,60
68000.0,10000,1,36
55000.0,19000,0,60
110000.0,10000,1,36
26000.0,5200,1,36
75000.0,25000,1,60
115000.0,7000,1,36
60000.0,15000,1,36
80000.0,28000,0,60
40000.0,7500,1,36
39684.0,6000,1,36
85000.0,12000,1,36
40000.0,17625,1,36
50000.0,16000,1,60
51000.0,16800,1,60
52000.0,7000,1,36
60000.0,17000,1,36
34000.0,6000,0,36
88000.0,21600,1,60
39000.0,6925,1,36
58350.0,3500,0,36
55000.0,12000,1,36
90000.0,16800,1,36
155000.0,24000,1,36
130000.0,24000,1,36
59000.0,21200,0,60
90000.0,21000,1,36
40000.0,4200,1,36
53000.0,8000,0,36
80000.0,11200,1,60
35500.0,12375,0,60
48500.0,8000,1,36
85000.0,28800,0,60
52000.0,13000,0,36
55000.0,15000,1,36
42000.0,1500,1,36
57000.0,12000,1,36
55000.0,19600,1,60
39000.0,5000,1,36
52000.0,9600,1,36
82000.0,20125,1,60
85000.0,32000,1,60
45000.0,10000,0,36
38000.0,5600,1,36
47000.0,3500,1,36
40000.0,4800,1,36
115000.0,4000,1,36
58000.0,25000,1,60
41000.0,12000,1,60
71500.0,3000,0,36
91000.0,18000,1,60
30000.0,4800,1,36
79000.0,8000,1,60
55500.0,3000,1,36
36000.0,14075,1,60
24000.0,1000,0,36
123500.0,27000,1,36
25000.0,6000,1,36
82000.0,8000,1,36
19000.0,4300,1,36
46000.0,12000,1,36
44000.0,10000,1,36
156000.0,20400,1,36
100000.0,15000,1,36
48000.0,12500,0,60
93360.0,20000,1,60
39500.0,12000,1,36
100000.0,20000,1,60
90000.0,28000,1,36
55000.0,14400,1,36
50000.0,19000,1,36
50000.0,10000,1,36
90000.0,16450,1,36
64800.0,19350,1,60
44000.0,14575,1,36
80000.0,18000,1,36
90000.0,21600,0,60
92000.0,23000,1,60
65000.0,29100,0,60
65000.0,20000,1,60
42000.0,18250,1,36
40000.0,15250,0,36
72000.0,7000,1,36
61200.0,13000,1,36
65000.0,10000,1,36
65000.0,15000,1,36
59000.0,20000,0,36
25000.0,8000,1,36
60000.0,2000,1,36
60000.0,20000,0,60
26000.0,9000,0,36
42500.0,7500,1,36
18500.0,2400,1,36
54000.0,18000,1,36
72000.0,8000,1,36
72000.0,10800,1,60
135000.0,35000,1,60
131040.0,10000,1,36
63324.0,25050,1,60
24000.0,5000,1,36
28000.0,14000,1,36
95000.0,12000,1,36
111000.0,23800,1,60
56160.0,6000,0,36
120000.0,6000,1,36
120000.0,10000,0,36
64000.0,12000,1,36
65000.0,4800,1,36
50000.0,11400,1,36
260000.0,12000,1,36
73000.0,12000,1,36
36000.0,11200,1,60
32000.0,9750,1,36
60000.0,5000,1,36
24000.0,5000,1,36
81000.0,19200,1,36
60000.0,12000,1,60
40000.0,18000,1,36
75000.0,33425,1,60
36200.0,3600,1,36
35000.0,7800,1,36
48000.0,4800,1,36
25000.0,9750,1,36
51000.0,3000,1,36
100000.0,5400,1,36
36000.0,5000,0,36
48000.0,4750,1,36
103000.0,13200,1,60
115000.0,23750,1,36
75796.0,20000,1,36
55000.0,6600,1,36
42000.0,5800,0,36
60000.0,7800,1,36
35000.0,4200,1,36
24091.68,3500,1,36
20000.0,1200,1,36
155000.0,9600,0,36
65000.0,17000,0,36
19000.0,4125,1,36
55000.0,5000,1,36
55000.0,5200,1,36
25000.0,10475,0,60
80000.0,25000,1,36
56000.0,18725,1,36
49000.0,8000,1,60
92000.0,33600,0,60
90000.0,16000,1,60
51000.0,2400,1,36
80000.0,17600,1,36
122000.0,20000,1,36
54000.0,16000,1,36
36500.0,1875,1,36
42000.0,3000,1,36
33800.0,14400,1,36
85000.0,22400,0,60
72000.0,1000,1,36
42000.0,10800,1,36
110000.0,15000,1,60
27000.0,8075,1,36
490000.0,20000,1,60
22000.0,6250,0,36
50000.0,15000,0,36
81185.0,21000,1,60
190000.0,35000,1,36
75000.0,23850,1,36
75000.0,29700,1,36
70000.0,2200,1,36
175000.0,9000,1,36
58000.0,6500,1,36
102000.0,20000,1,36
53300.0,3000,1,36
31000.0,10000,1,60
40000.0,2500,1,36
50000.0,20000,1,60
66321.0,20000,1,36
25000.0,9000,1,36
45000.0,8000,1,36
112851.6,11500,1,36
95000.0,22800,1,60
70000.0,16000,1,36
40000.0,15000,1,36
55000.0,14950,1,36
82100.0,16000,1,60
60000.0,23675,1,60
85000.0,10000,0,36
150000.0,19200,1,60
77000.0,25000,1,36
63862.0,20000,1,60
125000.0,21775,1,60
62400.0,2400,1,36
35000.0,7300,1,36
173000.0,32400,1,36
80000.0,24925,0,60
90500.0,11975,1,36
68000.0,18075,1,60
34415.0,11000,1,60
100000.0,8000,1,36
38000.0,1000,1,36
25000.0,1200,1,36
62000.0,4525,1,36
63600.0,19100,1,36
75000.0,24800,1,60
47000.0,17350,1,36
127500.0,10500,1,36
48000.0,9450,1,36
50000.0,22800,1,60
35000.0,10000,0,36
100000.0,5000,1,36
58000.0,19200,1,60
115000.0,24250,1,60
72000.0,6000,0,36
36000.0,10000,1,36
49000.0,14000,1,60
104112.0,13500,1,36
54996.0,20000,1,36
96000.0,18000,1,36
85000.0,15000,1,36
50000.0,4000,1,36
64480.0,32250,1,60
70000.0,14400,1,36
85000.0,20000,1,60
55000.0,5000,1,60
135000.0,24925,1,60
72000.0,9750,1,36
73000.0,20000,1,36
38000.0,7000,1,36
39480.0,2500,1,36
53000.0,10000,1,36
55099.0,7000,1,36
77500.0,18000,1,60
35000.0,12000,1,36
72000.0,12000,1,60
80000.0,11000,1,36
60000.0,24000,0,60
80000.0,7000,1,36
179000.0,24000,1,60
110000.0,30000,1,60
118000.0,2000,1,36
105000.0,21000,1,60
57600.0,8650,1,36
165000.0,25000,1,60
100000.0,10000,1,36
45000.0,10400,1,36
50000.0,21000,1,60
38000.0,10000,1,36
57408.0,3000,1,36
60000.0,4000,1,36
120000.0,6000,1,36
86000.0,10000,1,36
52000.0,6000,1,36
55000.0,16000,1,60
110000.0,24000,1,36
100000.0,23000,1,60
51255.0,7000,1,36
90906.0,27000,0,60
38000.0,13500,1,36
52714.0,3000,1,36
81000.0,24000,1,36
60000.0,15600,0,60
60000.0,8000,1,36
50000.0,17000,0,60
37400.0,14400,1,36
88000.0,15000,1,36
85000.0,14975,0,60
95800.0,16000,1,36
36000.0,5000,1,36
85000.0,6000,1,36
12000.0,1000,1,36
100000.0,7800,1,36
110000.0,35000,1,36
200000.0,35000,1,60
34000.0,11500,1,60
110000.0,22000,1,36
84000.0,3600,1,36
66000.0,25000,1,60
24000.0,6000,0,60
35000.0,5600,1,36
73000.0,13600,1,36
36000.0,18000,0,36
24000.0,8325,1,36
55000.0,10000,1,36
50000.0,19500,1,36
168000.0,25000,1,36
60000.0,7800,1,36
30000.0,2000,1,36
28800.0,10000,1,36
95000.0,16000,1,36
80000.0,28000,1,36
107000.0,13800,1,36
41600.0,14575,1,36
65000.0,20000,1,36
180000.0,25000,1,36
33560.0,9000,1,36
75000.0,12000,1,36
38000.0,12000,1,36
42000.0,18450,0,36
23040.0,2000,1,36
62000.0,12000,0,36
42000.0,12000,1,36
84200.0,24500,1,36
55000.0,7300,1,36
57500.0,5000,1,36
48000.0,3000,1,36
40000.0,9000,1,36
56000.0,14550,1,36
45000.0,6000,1,36
31543.2,7000,1,60
29120.0,2000,1,36
120000.0,13000,1,36
71004.0,20000,1,36
60000.0,24000,1,60
41004.0,12000,1,36
122000.0,15000,1,36
47000.0,10000,1,36
300000.0,18000,1,36
50000.0,10000,1,36
45000.0,5400,1,36
113000.0,22000,1,36
60800.0,13475,1,36
250000.0,28000,0,60
40000.0,7450,1,36
30000.0,3600,1,36
63400.0,18000,1,60
52000.0,1500,1,36
100000.0,10000,1,36
100000.0,8400,0,36
41500.0,11000,1,36
53000.0,27575,1,60
85000.0,26000,1,60
30000.0,10050,1,36
110000.0,16500,1,60
30000.0,10000,1,36
35000.0,3000,1,36
58000.0,4000,1,36
93530.0,12000,1,36
70000.0,9000,1,36
55000.0,12000,1,36
143375.0,12000,1,36
42000.0,12800,0,36
58000.0,16000,1,36
64000.0,11950,1,60
60000.0,24000,0,60
51000.0,10750,1,60
193500.0,10000,1,36
37000.0,8000,1,36
51000.0,12000,1,60
70000.0,7000,1,36
34000.0,7200,1,36
40800.0,10400,1,36
62250.0,19075,1,36
40025.64,14350,0,60
60000.0,8500,1,36
120000.0,35000,1,60
75000.0,4000,1,36
70000.0,20000,1,36
58000.0,8400,1,36
85000.0,7000,1,36
34200.0,2500,1,36
71800.0,20000,1,36
110000.0,25000,0,36
34000.0,5000,1,36
90000.0,17000,1,36
36000.0,4800,1,36
29000.0,6400,1,36
62000.0,27575,1,60
61000.0,20000,0,60
120000.0,16000,1,60
74500.0,18000,1,60
15500.0,3275,0,36
90000.0,15000,1,36
90000.0,9250,1,36
89004.0,10000,1,36
83369.0,5825,1,36
50000.0,25000,0,60
15803.16,6200,0,36
165800.0,35000,1,36
40000.0,13000,1,60
47000.0,5500,1,36
53112.0,15875,1,60
35700.0,15725,1,60
42000.0,9025,0,36
30000.0,7000,0,36
115000.0,3200,1,36
47000.0,14000,0,36
60000.0,10000,1,36
102000.0,15000,1,36
53000.0,6000,1,36
45000.0,5000,1,36
70000.0,12000,1,36
160000.0,30000,1,60
45000.0,10000,1,36
80000.0,15000,1,60
113000.0,15000,1,36
50000.0,20950,0,60
16800.0,3050,1,36
27000.0,13475,1,36
42000.0,12000,1,60
45000.0,2400,1,36
36000.0,10000,1,36
46000.0,14575,0,36
75000.0,5500,1,36
30000.0,7000,1,36
27000.0,7000,1,36
56000.0,18225,0,36
135000.0,30000,1,60
93600.0,25000,1,36
110000.0,15000,1,36
100000.0,20125,1,60
75000.0,20475,0,60
87600.0,20000,1,36
50000.0,8400,0,36
75000.0,24000,1,36
85000.0,2200,1,36
49000.0,21350,1,60
71000.0,23000,0,60
46000.0,19300,1,36
38000.0,16950,0,36
91000.0,12000,1,36
73000.0,8000,1,36
40000.0,15850,1,36
45000.0,3000,1,36
31000.0,10400,1,36
61000.0,13250,0,36
59000.0,9000,1,36
78000.0,29000,1,60
185000.0,30000,1,36
71137.0,17000,1,36
45000.0,6000,1,36
170000.0,21000,1,36
14400.0,3825,1,36
77000.0,15000,1,36
46000.0,9000,1,36
42000.0,9600,0,36
170000.0,35000,1,60
72000.0,8400,1,36
49700.0,5500,1,36
24000.0,10000,1,36
41600.0,10000,1,36
27000.0,6250,1,36
92000.0,5750,0,36
52596.0,15000,1,36
41000.0,14575,1,36
50000.0,6000,1,36
90000.0,21600,1,36
36100.0,8400,1,36
120000.0,18000,1,36
27000.0,9325,0,36
35000.0,7000,1,36
80000.0,10000,1,36
80000.0,14000,1,60
48000.0,20000,1,36
50000.0,20000,1,36
78000.0,2800,1,36
41433.6,16425,0,36
36000.0,6225,1,36
56000.0,16000,0,36
105000.0,5000,1,36
98400.0,16525,1,36
80000.0,15600,0,60
49500.0,21850,1,60
93000.0,35000,1,36
17400.0,4750,1,36
40000.0,17625,1,36
85000.0,15000,0,36
68000.0,10000,1,36
40000.0,5375,1,36
30200.0,9925,1,36
70000.0,17475,1,36
137000.0,4500,1,60
50000.0,7800,1,36
65000.0,6000,1,36
32000.0,11100,0,36
52000.0,6400,1,36
55000.0,12000,1,36
108000.0,16000,1,60
31000.0,10000,1,36
55000.0,26375,0,60
55000.0,8400,1,36
115000.0,19000,1,36
35000.0,12175,0,36
35000.0,15000,1,36
41000.0,5000,0,36
26880.0,4900,1,36
59000.0,23500,1,36
40000.0,6000,1,36
72000.0,12600,1,60
20000.0,6500,1,36
28000.0,8000,1,36
52000.0,12000,1,36
52000.0,25975,1,36
72000.0,5750,1,36
37000.0,6000,0,36
40000.0,3000,1,36
84000.0,11500,1,60
125000.0,6500,1,36
80000.0,21000,1,36
58000.0,15200,1,60
108000.0,33000,1,60
45000.0,14000,1,36
32500.0,7000,0,36
114996.0,12000,1,60
78000.0,28000,1,60
31200.0,9000,1,36
120000.0,35000,1,60
37596.0,18225,1,36
47000.0,6000,1,36
55000.0,2500,1,36
68000.0,9600,1,36
36000.0,8000,0,36
18000.0,4000,1,36
51350.0,10000,1,60
88483.0,11000,1,60
27000.0,5675,0,36
50000.0,20000,1,36
55000.0,15000,1,36
50000.0,4000,1,36
48000.0,6500,1,36
75000.0,11325,1,36
76000.0,16800,1,60
43000.0,4500,1,36
32868.0,2500,1,36
87000.0,15000,1,60
43904.13,5725,1,36
60000.0,9000,1,36
110000.0,28000,1,36
63000.0,23925,1,60
50000.0,12000,1,36
33000.0,9000,1,36
90000.0,20000,1,60
52000.0,7000,1,36
99000.0,1800,1,36
90000.0,18650,0,60
21940.0,9600,0,36
41600.0,4000,0,36
86000.0,30000,1,36
53000.0,4800,1,36
75000.0,10000,1,36
71000.0,15000,1,36
140000.0,34550,1,60
47000.0,12000,1,36
65000.0,12500,1,36
26000.0,8000,0,36
39780.0,11575,1,36
31000.0,2000,1,36
150000.0,20900,1,36
90000.0,2700,1,36
120000.0,34500,1,36
70000.0,12000,1,36
38600.0,12950,1,36
48000.0,2500,1,36
60000.0,15000,0,60
75000.0,19000,1,60
74000.0,20000,1,36
26400.0,11075,0,60
35000.0,11000,1,36
63000.0,12100,1,36
130000.0,24000,1,36
75000.0,12000,1,60
85000.0,12000,1,36
55000.0,10000,1,36
95000.0,3975,1,36
80000.0,17000,1,36
37000.0,3400,1,36
54000.0,19375,1,60
82000.0,30000,1,60
54000.0,2400,1,36
43000.0,10000,1,60
100000.0,35000,1,60
74160.0,8000,1,36
63000.0,15000,1,60
49500.0,14525,1,36
60000.0,14000,1,60
92000.0,9550,1,36
90000.0,12000,1,36
60000.0,9000,1,36
61000.0,6300,1,36
150000.0,15000,1,36
125000.0,35000,1,60
66000.0,15000,1,36
32204.0,5000,0,36
50000.0,10000,1,36
109000.0,20000,1,36
52800.0,15000,1,36
110000.0,10000,1,36
98000.0,16000,1,36
87000.0,25000,1,36
14000.0,6150,0,36
119153.0,4000,1,60
57000.0,9000,1,36
25000.0,8500,1,36
93000.0,24500,1,60
48000.0,18450,1,36
27840.0,3500,1,36
95000.0,17475,0,60
90000.0,20000,1,36
52000.0,8000,1,36
54000.0,10000,1,36
62000.0,5200,1,36
45000.0,3000,0,36
40000.0,5000,0,36
90000.0,5600,1,36
97000.0,32400,1,36
72000.0,18000,1,36
310000.0,33575,1,36
60000.0,10000,1,36
24000.0,4750,1,36
50000.0,11000,1,60
275000.0,35000,1,36
59500.0,15000,1,36
60000.0,3000,1,36
68124.0,14000,1,36
84000.0,8000,0,36
40000.0,15000,1,60
85000.0,28000,1,36
33000.0,8875,1,36
65000.0,7200,1,36
90000.0,14000,1,36
101866.0,24300,1,36
30000.0,6400,1,36
52000.0,20750,0,60
42000.0,12000,1,36
52000.0,20000,0,60
55000.0,15000,1,36
105000.0,12750,1,36
35000.0,6250,1,36
30000.0,7900,1,36
110000.0,6500,1,36
130000.0,12000,1,36
38000.0,11500,1,36
93000.0,19950,1,60
61600.0,4200,1,36
61000.0,15000,1,36
84000.0,28000,1,60
153000.0,8400,1,36
260000.0,28800,1,60
76500.0,8000,1,36
100000.0,22800,1,60
29004.0,5000,1,36
60000.0,26375,1,60
100000.0,7000,1,36
68500.0,8000,1,36
74000.0,28000,0,36
38000.0,3500,1,36
40000.0,8000,1,36
61500.0,25000,0,60
32000.0,3000,0,36
104000.0,30000,1,60
80000.0,3625,0,36
46000.0,16000,1,36
120000.0,30000,1,60
49210.0,12000,1,36
42000.0,12200,1,60
32000.0,10500,1,36
62000.0,12000,1,36
104698.0,10000,1,36
32004.0,4000,1,36
120000.0,10175,1,36
102500.0,8000,1,36
50000.0,13500,0,36
70000.0,25000,1,60
145000.0,10000,1,36
84000.0,15000,1,36
87000.0,10000,1,36
101000.0,21000,1,60
87500.0,10000,1,36
78000.0,15000,1,36
175000.0,18150,1,60
63000.0,25000,1,60
35000.0,3450,1,36
160000.0,16000,1,36
84000.0,21475,1,36
156130.0,20000,1,36
62400.0,12000,1,36
35000.0,11500,0,60
110000.0,16000,1,36
140000.0,10000,1,36
70000.0,31300,1,60
30000.0,7800,0,60
100000.0,16000,0,36
50000.0,14000,1,36
105000.0,6000,1,36
50000.0,7000,1,36
30000.0,10125,0,36
50000.0,6075,1,36
65000.0,18000,1,36
30000.0,2000,1,36
45760.0,8950,1,36
61252.0,27050,0,60
60000.0,11500,1,36
98100.0,21000,1,36
48000.0,5000,1,36
60000.0,23850,1,36
95000.0,6000,1,36
93600.0,5000,1,36
31000.0,4275,1,36
75000.0,12000,1,36
120000.0,13000,0,60
45000.0,20000,0,36
80000.0,10575,1,60
82800.0,18000,1,36
63000.0,10000,1,36
164000.0,28000,1,36
60224.0,1200,1,36
110000.0,20000,1,36
50000.0,12250,1,36
60000.0,10000,1,36
40000.0,5000,1,36
61000.0,1000,1,36
110000.0,16800,1,36
54000.0,21250,1,36
55000.0,20000,1,36
190000.0,21600,1,36
74500.0,14000,1,36
115000.0,24000,1,36
63996.0,8500,1,36
56000.0,7700,1,36
49000.0,2000,1,36
50000.0,7000,1,36
42000.0,18825,1,60
110510.0,35000,1,36
65000.0,5000,1,36
90000.0,8000,1,60
25000.0,6000,1,36
70000.0,20000,1,60
42000.0,5000,0,36
80000.0,6400,1,36
44000.0,5200,1,36
42000.0,8000,0,36
53000.0,7500,1,36
78000.0,18650,1,60
49560.0,1000,1,36
80000.0,13725,0,60
52000.0,3000,1,36
70000.0,19750,1,36
92000.0,30000,0,60
45000.0,15000,1,36
48000.0,7000,1,36
58000.0,10200,1,60
138000.0,24000,1,60
45000.0,13000,0,36
95000.0,9000,1,36
72000.0,22100,1,36
53947.0,6400,1,36
38000.0,5600,1,36
43200.0,4000,0,36
50000.0,22250,0,60
80000.0,33575,1,60
61000.0,5000,1,36
60000.0,10000,1,36
48500.0,10000,0,36
75000.0,15000,0,36
90000.0,12000,1,36
68000.0,10800,1,36
40000.0,6400,0,36
31200.0,3500,1,36
101000.0,21000,1,36
67000.0,4800,0,36
140000.0,21000,1,36
55000.0,6000,1,36
43000.0,17200,1,60
43285.0,12000,0,36
51000.0,17000,1,36
76000.0,17275,1,60
230000.0,30000,1,36
68000.0,6000,1,36
87000.0,35000,1,36
42000.0,6000,1,36
100000.0,12000,1,36
70000.0,15000,1,36
60000.0,20000,1,36
57000.0,8000,1,36
92000.0,10000,1,36
62000.0,10000,1,36
30000.0,5000,1,36
56000.0,10000,1,36
56000.0,19750,0,60
98000.0,1200,1,36
85000.0,12000,0,60
32000.0,15000,1,36
19000.0,6000,0,36
75000.0,16000,1,36
68000.0,19075,0,60
67000.0,25000,0,60
46900.0,20550,1,60
33714.0,10000,1,36
40800.0,7000,1,36
36500.0,8000,1,36
85000.0,11000,1,36
58000.0,18000,1,36
62000.0,22750,1,60
36000.0,12000,1,36
79000.0,20000,1,36
42000.0,16000,1,60
33120.0,12000,0,60
42000.0,12000,1,36
72000.0,21000,1,36
77000.0,16000,1,60
35000.0,8075,1,60
38000.0,10625,1,36
50000.0,8000,1,36
38928.0,9800,1,36
24835.0,12300,0,36
20800.0,5500,0,36
50000.0,8300,1,36
35000.0,2700,1,36
100000.0,8000,1,36
71000.0,14500,0,36
65000.0,9600,1,36
69700.0,10000,1,36
74000.0,20225,1,60
75000.0,16000,0,36
85000.0,16950,1,36
48000.0,10000,1,36
36000.0,15000,1,36
56000.0,23000,1,60
72000.0,11500,1,36
35000.0,12000,1,36
22400.0,3950,0,36
145000.0,16000,1,36
95000.0,23000,1,60
19970.01,1200,1,36
53500.0,10500,1,36
28000.0,9750,1,36
63000.0,4125,1,36
40176.0,2500,1,36
47000.0,10000,1,36
115000.0,10000,1,36
92000.0,21000,1,36
70000.0,15250,0,36
166000.0,35000,1,60
46000.0,13600,1,60
144000.0,20000,1,36
60000.0,22550,1,36
70000.0,10500,1,60
100800.0,30000,1,36
35000.0,1800,1,36
32400.0,4800,1,36
135000.0,28000,1,36
55000.0,24575,0,60
70000.0,7000,1,36
83000.0,20000,1,60
87500.0,14000,1,36
70000.0,8000,1,36
40000.0,10000,0,60
185000.0,24000,1,60
62500.0,9000,1,36
32526.0,4500,1,36
120000.0,9725,0,36
42224.0,3000,1,36
55000.0,9600,1,36
54000.0,12800,1,36
67000.0,4200,1,36
56000.0,24925,1,60
28000.0,9250,1,36
54000.0,2500,1,36
79000.0,20000,1,36
120000.0,12000,1,36
115000.0,18000,1,36
39000.0,10000,1,36
75000.0,10200,1,36
32000.0,5700,0,36
133000.0,21000,1,36
26000.0,9325,1,36
30000.0,10500,1,36
20000.0,3850,1,36
50000.0,7975,1,36
67000.0,25000,1,60
50000.0,18850,0,60
120000.0,25000,1,60
60000.0,5150,1,36
33660.0,6000,1,36
185000.0,28000,1,36
43000.0,4200,0,36
20004.0,4000,1,36
96000.0,15000,1,60
50000.0,18000,1,60
56000.0,14500,1,36
175000.0,12000,0,36
70300.0,20000,1,60
75000.0,3200,1,36
41250.0,7750,1,36
84300.0,24000,0,60
35000.0,10000,1,36
88000.0,35000,0,60
40000.0,8000,1,36
100000.0,21000,1,36
50000.0,10000,0,36
83000.0,29900,1,60
110000.0,9000,1,36
200000.0,12000,1,60
50000.0,5925,1,36
45000.0,9600,1,36
48000.0,19175,1,36
84000.0,19500,1,36
50000.0,4900,1,36
34121.0,11325,1,36
40000.0,12000,1,36
69000.0,12000,1,36
74900.0,18000,1,60
103000.0,5000,1,36
45000.0,13475,1,36
85000.0,30000,0,60
115000.0,10000,1,36
84996.0,4000,1,36
84500.0,20000,1,36
75000.0,15000,1,36
8400.0,2000,1,36
80000.0,12000,1,36
42500.0,15000,1,36
45760.0,12700,1,36
45000.0,20125,0,36
42558.0,16975,0,60
45308.0,13500,1,60
45000.0,10000,1,36
48205.2,14000,0,36
74000.0,4200,1,36
65000.0,8000,1,60
95000.0,10000,1,36
30000.0,10000,1,36
75000.0,5000,1,36
70000.0,12000,1,36
86244.0,8000,1,36
50000.0,8750,1,36
60000.0,13150,1,36
92000.0,17325,1,36
60000.0,15000,0,60
39000.0,7950,0,36
50000.0,3200,1,36
134000.0,14825,1,36
35000.0,4250,1,36
100000.0,17000,1,36
81000.0,9325,1,36
24000.0,2400,1,36
45000.0,6000,1,36
70000.0,12000,1,60
76000.0,10000,1,36
121000.0,16000,1,36
135000.0,24000,1,60
70356.0,6000,1,36
50000.0,10000,1,36
30000.0,10775,1,60
74400.0,11900,1,36
142000.0,22050,1,36
48500.0,11000,1,36
100000.0,5725,0,36
75000.0,8000,1,36
50000.0,11875,1,36
14500.0,5750,0,36
43000.0,2650,1,36
48000.0,18000,0,60
178548.0,10000,1,60
80000.0,10000,1,36
120000.0,14000,1,36
50000.0,7700,1,36
45000.0,14500,1,36
35000.0,15400,1,36
50000.0,22000,1,36
102000.0,35000,1,60
67200.0,5000,1,36
100000.0,3000,1,36
58000.0,23800,1,60
100000.0,35000,1,36
66000.0,12475,1,36
60000.0,15900,1,60
68000.0,20000,1,60
185000.0,21000,1,36
68134.0,6000,1,36
25000.0,8000,1,36
110000.0,35000,0,60
65000.0,12500,1,36
33600.0,4800,1,36
69000.0,2500,1,36
152000.0,8500,1,36
76992.0,5000,1,36
96000.0,15000,1,36
65000.0,7000,1,36
91000.0,30000,1,60
70000.0,15000,1,36
80000.0,22000,1,36
63000.0,19900,1,60
180000.0,15000,1,36
43000.0,17200,1,36
47000.0,16425,1,36
70000.0,12000,1,36
186462.0,20000,0,36
70000.0,8000,1,36
55000.0,19750,0,60
90000.0,15000,1,36
77000.0,16425,1,36
62000.0,16800,1,36
135000.0,30000,1,36
55000.0,6000,1,36
47000.0,14100,0,60
75000.0,5000,1,36
95000.0,6900,1,36
58000.0,4000,1,36
90000.0,12000,1,36
26000.0,8725,1,36
48000.0,4000,1,36
50000.0,4625,1,36
100000.0,10000,1,36
55000.0,5000,1,36
60000.0,20000,1,36
28000.0,9450,1,36
108000.0,13000,1,36
77000.0,17375,1,36
36000.0,10000,0,36
185000.0,35000,0,60
90000.0,12000,1,60
40000.0,12300,1,36
72000.0,20000,0,36
69000.0,3275,1,36
49205.0,4200,0,60
51380.0,9300,0,36
39000.0,9000,1,36
67500.0,10000,1,36
80000.0,15000,1,36
39500.0,17775,0,60
55135.0,16400,0,60
32000.0,7200,1,36
64000.0,7000,0,36
64490.0,6500,1,36
24000.0,6000,1,36
32000.0,6950,1,36
51268.5,8000,1,36
80000.0,14000,1,36
100000.0,3200,1,36
53000.0,6500,1,36
80000.0,12000,1,36
59000.0,25850,0,60
82000.0,12000,1,36
85000.0,14675,1,36
24000.0,5000,1,36
83000.0,12000,1,60
52000.0,20800,1,60
113000.0,6000,1,36
180000.0,21000,1,36
90000.0,35000,1,60
36000.0,10000,1,36
68000.0,15000,1,36
65000.0,10000,1,36
35256.0,3000,1,36
120000.0,18000,1,36
63000.0,7000,0,36
240000.0,28500,1,36
165000.0,25000,0,36
86004.0,16000,1,36
80000.0,11800,1,36
113000.0,32100,1,36
60000.0,12000,1,36
34000.0,7000,1,36
77000.0,8000,1,36
60000.0,5000,1,36
54000.0,4500,1,36
77065.0,23700,1,36
25000.0,8325,1,36
52500.0,15000,0,60
64000.0,8000,1,36
24000.0,1600,1,36
80200.0,18400,1,36
120000.0,6000,1,36
90000.0,10000,1,60
50000.0,10800,0,36
60782.0,19000,1,60
77250.0,16000,1,36
56000.0,12000,1,36
73000.0,13600,1,36
85000.0,11175,0,60
46037.55,20425,0,60
65000.0,9600,1,36
120000.0,21000,1,36
120000.0,19200,1,60
60000.0,10000,1,36
42769.0,1500,1,36
65000.0,24000,1,36
104000.0,35000,0,36
32000.0,10625,0,60
25000.0,8250,1,36
60000.0,35000,0,60
24000.0,2400,1,36
156000.0,9600,1,36
80000.0,5000,1,36
63000.0,22600,0,60
128000.0,10800,1,36
66000.0,20000,1,36
120000.0,25000,0,60
10650.0,3000,1,36
62400.0,27975,0,60
33600.0,1500,1,36
32160.0,4000,1,36
53812.0,20000,1,36
50000.0,20500,1,36
50000.0,8000,0,36
96636.0,30000,1,36
68300.0,10900,1,36
90000.0,5500,1,36
78000.0,4725,0,36
53000.0,23675,1,60
44000.0,4000,1,36
165000.0,14500,1,36
75000.0,20050,1,36
90000.0,10000,1,36
60000.0,14000,1,60
70000.0,18150,1,36
104000.0,22000,1,36
70000.0,11725,1,36
52500.0,8000,1,36
25000.0,7000,1,36
16176.0,2850,1,60
92000.0,8000,1,36
100000.0,7200,1,36
75000.0,15000,1,36
52000.0,5000,1,36
110000.0,25975,0,60
123000.0,12275,1,36
89000.0,20000,1,60
150000.0,7000,1,36
44500.0,12000,1,60
98000.0,16800,1,60
30000.0,9950,0,60
48960.0,4800,0,60
45000.0,3500,0,36
50000.0,18825,0,60
24300.0,6000,1,36
38000.0,1000,1,60
128000.0,21000,1,60
125000.0,20000,1,36
75000.0,20475,0,36
50470.0,12000,1,36
101100.0,26925,1,60
61000.0,15000,1,36
64000.0,12000,1,36
40000.0,5000,1,36
29000.0,8000,1,36
101000.0,17000,1,36
104000.0,15900,1,36
36000.0,2000,1,36
78000.0,20000,1,36
93000.0,12000,1,36
220000.0,14000,1,36
61000.0,12000,1,36
28855.0,9775,1,36
43000.0,8000,1,36
87838.0,11000,1,36
36000.0,10000,0,36
52000.0,12000,0,60
35000.0,5000,1,36
100000.0,19800,1,60
91000.0,10000,1,36
35000.0,12225,0,36
120000.0,12000,0,60
61011.0,20475,0,36
45000.0,9525,0,36
20000.0,1200,1,36
201000.0,14000,1,36
58000.0,4000,1,36
90000.0,8000,0,36
220000.0,6400,1,36
84500.0,22000,0,36
75000.0,17000,1,36
110000.0,12000,1,36
56000.0,17575,1,36
36000.0,2100,1,36
57575.0,20000,1,60
83200.0,9000,1,36
52128.0,7925,1,36
90000.0,16000,1,60
45000.0,5000,1,36
60000.0,10000,1,60
25000.0,10475,0,60
40000.0,9725,1,36
56000.0,4200,0,36
65000.0,16000,1,36
75000.0,24000,0,60
24000.0,2400,1,36
60000.0,5100,1,36
30000.0,6500,1,36
55000.0,18000,1,60
44000.0,7000,1,36
50000.0,9000,1,36
48300.0,14000,1,36
32000.0,10000,1,36
46600.0,20000,0,60
200000.0,25000,1,36
90000.0,20000,1,36
65000.0,10000,0,36
30000.0,6000,1,36
65000.0,17500,0,36
70000.0,10000,0,36
40000.0,1000,1,36
83200.0,14400,1,60
108500.0,21000,1,36
140000.0,15000,1,60
52000.0,15000,1,60
71000.0,18000,1,60
50800.0,16000,1,36
123000.0,14000,1,36
115000.0,28000,1,36
75000.0,25000,1,36
66500.0,17500,0,36
87500.0,25000,1,36
27600.0,5000,1,36
86000.0,12000,1,36
60100.0,15000,1,36
58000.0,18000,1,36
60000.0,6000,1,36
48000.0,21000,1,36
68000.0,10000,1,60
41184.0,15000,0,36
54900.0,2200,1,36
32000.0,11175,1,36
55000.0,2400,1,36
60000.0,10550,1,36
52500.0,11000,1,60
75000.0,20000,1,36
45000.0,13500,1,36
59000.0,11475,1,36
75000.0,16000,1,60
102000.0,30000,1,60
33000.0,11425,1,36
50000.0,15000,1,36
53000.0,10000,1,36
78000.0,3500,1,36
50000.0,10500,1,36
87002.0,12000,1,36
75000.0,24000,1,36
28000.0,7200,1,36
75000.0,20000,1,36
84200.0,2000,1,60
90000.0,6000,1,36
72000.0,18000,1,36
80000.0,20000,1,36
64000.0,10000,1,36
65000.0,8750,1,36
22000.0,6075,1,36
80000.0,5600,0,36
71000.0,10000,1,36
88000.0,7000,1,36
50000.0,4500,1,36
52000.0,6000,1,36
55500.0,15500,0,36
94000.0,12000,1,36
66000.0,22800,0,60
145000.0,17475,1,36
160000.0,35000,1,36
45000.0,14975,1,36
110000.0,33825,1,36
45000.0,11500,0,36
39000.0,16325,1,36
104000.0,25000,0,60
120000.0,12000,1,36
92000.0,12500,1,36
85000.0,16950,1,36
60000.0,10000,1,36
37500.0,7200,0,36
62000.0,5000,1,36
79000.0,18000,1,60
75000.0,20000,1,60
50000.0,22000,1,60
135000.0,30800,1,36
60000.0,7200,1,36
121000.0,30000,1,60
80000.0,8875,1,36
140000.0,35000,0,60
82000.0,9600,1,36
80000.0,18000,1,36
90000.0,30750,0,60
90996.0,8400,1,36
55980.0,4800,0,36
34000.0,7200,1,36
87000.0,10400,1,60
90000.0,10000,1,36
70000.0,19000,1,36
70000.0,6000,1,36
60000.0,22050,1,60
62000.0,7800,1,36
15600.0,4500,1,36
125000.0,24000,1,36
93114.0,22675,0,36
9600.0,1500,1,36
89000.0,6750,1,36
75000.0,5000,1,60
43949.0,3000,1,36
67000.0,14500,1,36
52000.0,3825,1,36
35000.0,6000,0,36
50000.0,17000,1,36
81000.0,14400,1,36
38000.0,15000,0,36
55000.0,12000,1,36
37000.0,10525,0,36
60000.0,20000,0,36
35000.0,10000,1,36
22000.0,8000,0,36
95000.0,15000,1,36
38400.0,6000,1,36
28000.0,10000,1,36
72000.0,14000,1,36
45000.0,5500,1,36
62000.0,25975,1,60
66000.0,5000,0,36
66641.0,13000,0,60
50000.0,16750,1,36
19200.0,5500,0,36
30000.0,7000,1,36
32000.0,10000,1,36
128500.0,15000,1,36
120000.0,35000,0,60
135000.0,7200,1,36
39996.0,10800,0,36
46000.0,20000,1,60
66500.0,8750,1,36
63000.0,16000,0,60
73000.0,12600,1,36
170000.0,25000,1,36
27248.0,6000,1,36
100000.0,20000,1,36
55000.0,6500,1,36
74000.0,25000,1,36
50000.0,3500,1,36
63000.0,10650,1,60
55728.0,13000,1,36
94000.0,5000,1,36
75000.0,18000,1,36
38264.0,12275,1,36
242000.0,35000,0,60
17800.0,3200,1,36
90000.0,8000,1,36
18000.0,1500,1,36
95000.0,13600,0,60
152000.0,25000,1,36
42000.0,15000,0,36
96000.0,14000,1,36
66000.0,22125,1,36
23000.0,6700,0,36
133000.0,20000,1,36
79000.0,17000,1,60
96000.0,7000,1,36
64000.0,10000,1,36
140000.0,9000,1,36
50000.0,4050,1,36
82000.0,20000,1,36
49000.0,14250,0,36
48000.0,8000,1,36
107000.0,5600,0,60
24864.0,9875,0,36
110299.0,26550,1,60
45000.0,6500,0,36
53000.0,21125,0,60
63000.0,10000,1,36
40000.0,8500,1,36
100000.0,9600,1,36
48000.0,12800,1,36
106000.0,12000,1,36
45000.0,10000,1,36
31000.0,10750,0,36
38000.0,5075,0,36
100000.0,3150,1,36
29000.0,4200,1,36
80600.0,28000,1,60
77900.0,6000,1,36
72000.0,7800,1,36
70522.26,9325,1,36
50000.0,8500,0,36
57500.0,11000,1,60
109000.0,15250,1,36
85000.0,2000,1,36
50518.0,11000,1,36
71500.0,15000,1,36
43477.0,16450,1,36
30000.0,15000,1,60
105000.0,20000,1,36
48000.0,8500,1,36
75000.0,20000,1,36
74098.0,33325,1,60
95000.0,9000,1,36
67500.0,12000,1,36
74000.0,8800,1,36
42012.0,8000,1,36
55000.0,13000,1,36
86000.0,15000,0,36
52000.0,13650,1,36
120000.0,12025,1,36
120000.0,7000,1,36
47000.0,12000,1,36
165000.0,28000,0,36
60000.0,16000,1,60
144000.0,22750,0,60
102306.0,24000,1,60
41000.0,1500,1,36
90000.0,24000,1,36
75090.0,28000,0,60
120000.0,20000,1,60
30000.0,10075,1,36
85000.0,12000,1,36
50000.0,8000,1,36
46000.0,8000,1,36
40000.0,15975,1,36
31200.0,15000,1,36
42504.0,6300,1,36
800000.0,20000,0,36
60000.0,15925,0,60
88000.0,8000,1,36
53000.0,8000,1,36
125000.0,16000,1,36
200000.0,21000,1,36
28000.0,8000,1,36
84000.0,14500,1,60
46000.0,10000,1,36
100000.0,35000,0,36
140000.0,20000,1,36
109000.0,25000,1,36
60000.0,20800,1,36
55000.0,24000,1,36
30000.0,13100,0,36
55000.0,2000,1,36
96900.0,8000,1,36
55000.0,4400,1,36
62000.0,15000,1,36
60000.0,12000,1,36
71000.0,24700,1,36
88000.0,24000,1,36
150000.0,24000,1,36
188000.0,35000,0,60
132500.0,24000,1,60
35000.0,6000,1,36
36000.0,2600,1,36
64400.0,12000,1,60
38000.0,11500,1,60
44500.0,6000,1,36
30600.0,6500,1,36
60000.0,15000,1,36
41600.0,15000,1,36
85000.0,35000,1,60
80000.0,25000,1,60
60000.0,10000,1,36
45000.0,16000,1,36
66000.0,27000,0,60
35000.0,7000,1,36
52000.0,14250,0,36
52000.0,12450,1,36
70000.0,14000,0,36
110000.0,30000,1,36
118000.0,16125,0,36
44000.0,10000,0,36
60000.0,7000,1,36
65000.0,21500,0,36
60000.0,20000,1,36
85000.0,20000,1,36
44000.0,3000,0,36
108000.0,18600,1,36
30000.0,2400,0,36
85000.0,10000,1,36
25000.0,2775,0,36
30000.0,5000,0,36
33000.0,4800,1,36
40120.0,10400,1,36
75000.0,16000,1,36
95000.0,9450,1,36
150000.0,2000,1,36
36000.0,1200,1,36
80000.0,13200,1,60
84000.0,12000,0,36
75000.0,25000,1,60
60000.0,11100,1,60
80000.0,20000,1,36
34000.0,12000,1,36
69996.0,3500,1,36
65000.0,18000,1,60
75016.0,6000,1,36
45000.0,18000,0,60
30000.0,4975,1,36
65000.0,11200,1,36
106000.0,9975,1,36
61000.0,13200,1,36
75000.0,6600,1,36
75000.0,4000,0,36
28000.0,4475,1,36
95000.0,12000,1,36
42000.0,18250,1,60
85000.0,10000,1,36
75000.0,9000,1,36
63000.0,27000,0,60
49633.0,9000,1,36
25200.0,4000,1,36
30000.0,6000,1,36
38300.0,16000,1,60
79820.0,20000,1,60
45000.0,10000,0,36
43000.0,21425,1,36
70000.0,10000,1,36
85000.0,11325,1,36
29822.0,10000,0,36
69000.0,9450,1,36
53000.0,23675,0,60
42000.0,14000,1,36
64500.0,16300,1,60
80000.0,28000,0,60
85000.0,17500,0,60
26400.0,3250,0,36
107000.0,21000,1,36
150000.0,33000,1,60
62000.0,27050,0,36
34000.0,10625,0,60
52000.0,11000,1,36
48000.0,20000,0,36
49500.0,19425,0,36
83425.0,21000,1,36
86000.0,14000,1,36
96000.0,25000,0,36
65000.0,16750,1,60
30000.0,3000,1,36
60000.0,8000,1,36
26000.0,2400,1,36
35000.0,7900,1,36
70000.0,10000,1,36
76000.0,3600,1,36
55000.0,20000,1,36
51000.0,12000,1,36
75000.0,20000,1,36
30000.0,9000,1,36
128000.0,27000,1,60
50000.0,10725,0,60
78000.0,3000,1,36
60000.0,12000,1,36
29962.0,8000,1,36
36000.0,9600,1,36
56000.0,10000,1,36
75000.0,6000,1,36
41300.0,10000,1,36
35651.0,14225,1,60
120000.0,26925,0,60
138000.0,35000,1,36
44364.0,9000,1,36
45000.0,10000,1,36
56000.0,10000,1,36
90000.0,6800,1,36
44000.0,10000,1,36
112000.0,20000,1,36
51000.0,8500,1,36
39000.0,7500,1,36
56732.0,19950,1,60
60000.0,26500,0,60
60000.0,8650,1,60
110000.0,22000,1,36
41000.0,15000,0,36
69862.0,26400,1,60
65000.0,3300,1,36
44500.0,8000,1,36
132000.0,35000,0,36
45000.0,5000,1,36
100000.0,20000,1,36
50000.0,10000,1,36
65000.0,8000,0,36
45000.0,15250,1,36
70000.0,2400,1,36
135000.0,30000,1,36
39846.0,15000,0,36
150000.0,20000,1,36
45000.0,18200,1,36
72000.0,4800,1,36
36000.0,14000,0,36
60000.0,20000,1,36
42000.0,16450,1,36
55000.0,8000,1,36
44000.0,19750,0,60
46000.0,9500,1,36
55000.0,15000,1,36
45000.0,5000,1,36
87000.0,28000,1,60
60000.0,8000,1,36
69000.0,15400,1,36
35000.0,12000,0,36
92000.0,15000,1,36
42000.0,12000,1,60
68000.0,17000,1,36
70000.0,3000,1,36
51816.0,10000,1,36
85000.0,10000,1,36
60000.0,3100,1,36
52000.0,12000,1,36
40000.0,12000,1,36
48000.0,8000,1,36
105600.0,28000,1,36
118000.0,12000,1,36
87000.0,6000,1,36
30000.0,3600,1,36
67500.0,12000,1,36
97400.0,16000,0,60
50000.0,18000,1,36
60000.0,10000,1,36
120000.0,9550,1,36
65000.0,11350,1,36
48260.0,24000,1,36
165000.0,20000,1,36
54996.0,6000,1,60
44100.0,8000,1,60
41600.0,1500,1,36
77904.0,35000,1,60
55000.0,10000,0,36
50000.0,22000,1,60
50000.0,14400,0,36
49000.0,9000,1,36
42000.0,9250,1,36
70000.0,15000,1,60
55008.0,12000,1,36
110000.0,18000,1,36
85000.0,22000,1,60
68000.0,2800,1,36
90000.0,12000,1,36
32500.0,14600,1,36
101000.0,35000,0,36
40000.0,8000,1,36
28800.0,3250,1,36
22880.0,6850,0,36
83320.0,20000,0,60
51000.0,20000,1,36
38400.0,7500,0,36
70000.0,3000,1,36
127000.0,19175,1,60
98000.0,28000,0,36
25000.0,10975,0,60
78708.0,24000,1,36
62000.0,9000,1,36
120000.0,7500,1,36
66000.0,3000,1,36
153000.0,32000,1,36
70000.0,17000,1,36
23000.0,4000,1,36
36500.0,3000,1,36
61310.0,4500,1,36
165000.0,28000,1,60
90000.0,35000,1,60
44000.0,12000,0,36
38000.0,7275,1,36
35400.0,8800,1,60
95000.0,8400,1,36
50000.0,19575,1,36
45000.0,2000,1,60
72000.0,10000,1,36
50000.0,8075,0,36
40000.0,19750,0,60
36000.0,8000,1,36
95000.0,7000,1,36
150000.0,24000,1,60
65000.0,20000,1,36
41000.0,10750,1,36
90800.0,10000,1,36
55000.0,15000,1,36
83000.0,5000,1,36
46000.0,10000,0,36
65000.0,20725,0,60
61000.0,8725,1,36
110000.0,25875,1,60
85000.0,30000,0,60
45000.0,19075,1,36
101000.0,35000,1,36
63000.0,1800,1,36
56600.0,7000,1,36
43000.0,7500,0,36
54000.0,9000,1,36
52000.0,6000,1,36
57000.0,7200,1,36
44000.0,17475,0,60
120000.0,30000,1,36
91154.0,10000,1,36
53500.0,18400,1,36
12000.0,8125,1,36
59000.0,16975,1,60
80000.0,8000,1,36
81000.0,18000,0,36
60000.0,12000,0,36
34000.0,10000,0,36
227500.0,25000,1,36
72000.0,31825,1,60
90000.0,7000,1,36
40000.0,12600,0,36
43000.0,14000,0,60
95000.0,21300,1,36
43000.0,11200,1,60
102000.0,10000,1,36
31200.0,1200,1,36
77000.0,18000,1,60
100000.0,11200,1,36
79000.0,12000,1,36
70000.0,15600,1,36
110196.0,3900,1,36
94000.0,13000,1,36
65000.0,14400,1,36
50000.0,3300,1,36
36500.0,7000,0,36
45000.0,12000,1,36
88200.0,3000,1,36
15000.0,3475,1,36
60000.0,15000,1,36
25200.0,8200,1,36
60000.0,11000,1,60
78000.0,17400,1,36
38000.0,17050,1,60
125000.0,20000,1,36
83000.0,15200,1,36
160000.0,6000,1,36
95000.0,21600,1,60
86000.0,6725,0,36
87000.0,18000,1,60
76000.0,16600,1,36
42000.0,12000,1,36
18720.0,2000,1,36
45045.0,6400,1,36
98000.0,15250,1,60
60000.0,9600,1,36
92500.0,28000,1,36
80000.0,7000,1,36
110000.0,8000,1,36
135000.0,30000,1,36
55000.0,3000,1,36
110000.0,18000,1,36
58000.0,6000,1,36
62856.04,16975,1,36
48169.06,7300,1,36
102500.0,5000,1,36
50000.0,15000,1,60
36600.0,10000,1,36
35000.0,12175,1,36
98000.0,32350,0,60
43000.0,5525,1,36
68000.0,10000,1,36
50000.0,12500,1,36
90000.0,9300,1,36
70000.0,8800,0,36
30160.0,12250,0,60
215000.0,30000,1,36
83400.0,28000,1,60
46500.0,16350,1,36
51000.0,10000,1,36
136000.0,18000,1,60
150000.0,35000,1,36
38112.0,6800,1,36
35064.0,8000,1,36
132000.0,5000,1,36
70000.0,11500,1,36
62000.0,10000,1,36
39996.0,6000,1,36
77000.0,14400,0,36
32996.0,2500,1,36
74022.0,16000,1,60
100000.0,17575,1,60
70000.0,2550,1,36
60000.0,12375,1,36
86000.0,10000,1,36
51227.0,7000,1,36
71000.0,16500,1,36
28960.0,11500,1,60
22000.0,13000,1,36
50000.0,4800,1,36
39000.0,6000,1,36
39500.0,10000,1,36
65000.0,14000,1,36
125000.0,16000,1,36
125000.0,25000,1,36
60500.0,16800,1,60
40000.0,18000,0,60
117478.4,30000,1,60
120000.0,28000,0,36
91000.0,5600,1,36
36000.0,13250,0,36
30000.0,7125,0,36
75000.0,15000,0,36
49750.0,10000,1,36
65000.0,11025,1,36
94000.0,12500,1,36
47000.0,10000,1,36
38000.0,16425,1,36
180000.0,28000,1,36
125000.0,12000,1,60
45000.0,6000,1,36
84000.0,16000,1,36
70000.0,15000,1,36
39000.0,12000,0,60
49200.0,4000,1,36
37000.0,6400,0,36
65000.0,14250,0,36
50000.0,7000,1,36
44000.0,18000,0,60
45000.0,13600,1,36
85000.0,2500,1,36
57000.0,17275,1,36
64000.0,6000,1,36
67000.0,5600,1,36
28800.0,5000,1,36
75000.0,20000,1,36
40000.0,17325,1,36
72000.0,12000,1,36
103020.0,10000,1,36
200000.0,30000,0,36
75000.0,12000,1,36
105000.0,33825,1,36
62000.0,6500,1,36
55000.0,9200,1,36
65000.0,15000,1,36
80000.0,15000,1,36
61000.0,20000,1,36
84000.0,13000,1,36
100000.0,19000,1,36
78000.0,11725,1,36
100000.0,35000,0,60
51187.0,10375,1,36
51500.0,15000,1,36
32500.0,5000,1,36
65000.0,19200,0,60
38376.0,1000,1,36
45000.0,4000,1,36
48000.0,23850,0,60
45000.0,6000,1,36
34278.4,6000,0,36
124000.0,15000,1,36
48000.0,3600,1,36
56500.0,22000,1,36
40000.0,10000,1,36
46900.0,20000,0,60
140000.0,11100,1,36
42000.0,7200,0,36
125000.0,14000,1,60
41000.0,9000,0,36
47500.0,5000,1,36
40000.0,10000,1,36
90000.0,21000,1,36
31200.0,2500,1,36
69000.0,10000,1,36
100000.0,12000,1,36
40000.0,12900,1,36
52000.0,2000,1,36
27806.0,8500,1,36
86000.0,7000,1,36
65000.0,9225,1,36
85000.0,6000,0,36
75000.0,23275,0,60
42000.0,2000,1,36
60000.0,7000,1,36
56000.0,7000,1,36
65000.0,3000,1,36
52000.0,12000,1,36
45000.0,7000,1,36
62100.0,10500,1,36
44000.0,2000,1,60
90000.0,4000,1,36
39456.0,14000,1,36
35000.0,8000,1,36
130000.0,10800,1,36
60000.0,10000,1,36
42000.0,4000,1,36
25000.0,7200,0,36
135000.0,12000,1,36
50000.0,8875,1,36
140000.0,30000,1,60
25000.0,12375,1,36
68000.0,8000,1,36
77000.0,5400,1,36
56000.0,8500,1,36
72000.0,3700,1,36
40000.0,13000,0,60
75000.0,7500,1,36
169800.0,35000,1,60
70000.0,32000,1,36
55784.0,18500,1,36
100000.0,10000,1,60
27000.0,9450,1,36
50000.0,13500,1,36
109000.0,9600,1,36
98024.0,20000,1,36
27568.0,3500,0,36
42000.0,16000,1,36
43000.0,15450,1,36
45760.0,8325,1,36
71616.0,21000,1,60
123000.0,20000,1,36
65894.0,10000,1,36
60000.0,12000,1,36
34000.0,11575,1,36
85000.0,20000,1,36
115000.0,15200,1,60
86000.0,20000,0,60
170000.0,28000,1,36
35000.0,10075,1,36
140000.0,28000,1,36
39200.0,6000,1,36
47800.0,8000,1,36
49500.0,14575,1,36
80000.0,20000,1,36
43200.0,18000,1,60
110000.0,16800,1,60
45000.0,4000,1,36
75000.0,16000,1,36
55000.0,22000,0,60
34750.0,5300,1,36
50960.0,7200,1,36
70000.0,18000,1,60
80000.0,35000,1,36
55000.0,2500,1,36
36000.0,6000,1,36
85200.0,12000,1,36
48000.0,3000,1,36
125000.0,24000,1,36
56000.0,25450,1,60
37000.0,6000,0,36
128000.0,18000,1,36
44000.0,15000,0,60
63500.0,12000,1,36
31231.0,15250,1,36
121000.0,17600,1,36
70000.0,30000,1,36
56000.0,6400,1,36
28176.0,1000,1,36
80000.0,10000,1,36
28000.0,1700,1,36
32200.0,11100,1,36
75000.0,14000,1,36
48000.0,12000,1,36
60000.0,19200,1,60
27000.0,6000,1,36
105000.0,12000,0,36
43000.0,8000,1,36
45000.0,9600,1,36
110000.0,17000,1,36
140000.0,32000,1,36
75996.0,16000,1,36
85000.0,6600,1,36
61000.0,18000,1,60
30000.0,5600,0,36
127000.0,6500,1,36
42642.0,6600,1,36
45000.0,12000,1,36
104500.0,18550,1,36
52000.0,12175,1,36
108000.0,15000,1,60
102500.0,6000,1,36
48000.0,21250,0,60
75000.0,15000,1,36
87000.0,18000,1,36
50000.0,11500,1,36
28000.0,7550,1,36
100000.0,5000,1,36
245000.0,18000,1,36
30368.0,5500,0,36
33400.0,6975,1,36
42000.0,12050,0,60
50000.0,17600,1,36
22000.0,11000,1,36
90000.0,10000,1,36
44000.0,22000,0,60
50000.0,4200,0,36
72150.0,12700,1,36
69000.0,17000,1,36
41000.0,16000,0,36
48000.0,21000,0,60
153000.0,25000,0,60
55000.0,13000,1,36
85000.0,30000,1,60
60000.0,11200,1,36
75800.0,2475,1,36
50650.0,2400,1,36
54000.0,12000,1,36
53000.0,17000,1,36
40000.0,8450,1,36
96000.0,15000,1,36
80000.0,10000,1,60
117000.0,9000,1,36
225000.0,30000,1,36
35000.0,12175,1,36
55000.0,8000,1,36
95000.0,28000,0,36
80000.0,15000,1,60
46000.0,15000,1,60
38000.0,15000,1,36
34000.0,18250,1,36
31200.0,2625,0,36
41000.0,4700,1,36
30000.0,7125,1,36
23355.0,8975,0,36
110000.0,15000,1,36
30000.0,13150,1,36
93000.0,3200,0,60
90000.0,35000,0,60
63000.0,9000,1,36
48000.0,17425,0,60
38268.0,3600,1,60
33400.0,11200,1,36
134803.0,21000,1,60
900000.0,25000,1,36
67000.0,12000,0,36
60000.0,19950,1,60
125000.0,35000,1,60
95000.0,6875,1,36
85000.0,15000,1,36
47000.0,21000,1,36
75000.0,2600,1,36
69000.0,8875,1,36
65000.0,4800,1,36
27900.0,5600,0,36
60000.0,11000,1,36
89000.0,2800,1,36
100000.0,15000,1,36
55000.0,18825,1,36
25000.0,9000,0,36
78000.0,21000,0,36
50000.0,8000,1,36
35000.0,13500,1,60
89000.0,18550,1,60
28000.0,1500,1,36
45000.0,6000,1,36
75000.0,17000,1,36
60000.0,20000,0,36
72000.0,10000,0,36
40000.0,5500,1,36
60000.0,25150,1,60
48700.0,14000,1,36
37500.0,6500,1,36
50000.0,16950,1,36
135000.0,23000,1,36
110000.0,32000,1,36
57000.0,14600,0,60
95500.0,15000,0,60
72500.0,19400,1,36
55000.0,7375,1,36
45000.0,6400,1,36
46062.0,20050,0,36
110000.0,9600,1,36
28000.0,1600,1,36
112123.0,7200,1,36
50000.0,4000,1,36
118000.0,16000,1,36
70000.0,22875,1,36
66750.0,17500,1,36
114640.0,33000,1,60
70000.0,30000,1,36
12000.0,2000,0,36
42000.0,15250,0,60
34620.0,15000,1,36
38000.0,2000,1,36
42000.0,5600,1,36
85000.0,22600,0,60
35500.0,12300,1,36
90000.0,22000,1,36
50000.0,7000,1,36
60000.0,26375,0,36
31560.0,6000,1,36
40000.0,5600,1,36
34200.0,11700,1,36
62000.0,6000,1,36
58000.0,10000,1,60
45000.0,10000,1,36
60000.0,25000,1,60
120000.0,30000,1,36
155000.0,15000,1,60
55500.0,20000,1,36
44000.0,12000,1,36
52000.0,11675,1,36
45000.0,14000,1,60
80000.0,28000,0,36
115000.0,20000,1,36
29328.0,10000,1,36
60000.0,16000,1,36
70000.0,6000,1,36
60000.0,9000,1,36
135000.0,20000,1,36
39000.0,12000,0,36
71800.0,13075,0,60
28000.0,9450,1,36
72000.0,4400,0,36
81891.0,6500,1,36
60000.0,10775,1,36
50000.0,22000,1,60
61000.0,10000,1,36
61252.0,15000,1,36
121891.0,20000,1,60
52000.0,22750,1,60
70000.0,19400,0,60
56100.0,19650,1,36
90000.0,15000,1,36
45000.0,14000,1,36
60000.0,15000,1,36
28404.0,3400,1,36
60000.0,12000,1,36
47000.0,6000,1,36
20000.0,5500,1,36
30000.0,9000,1,36
75000.0,6000,1,36
52000.0,10000,1,36
255000.0,35000,1,36
50000.0,13200,1,36
155000.0,9000,1,36
44700.0,17475,1,36
58000.0,14825,1,36
45000.0,13200,0,36
60000.0,10500,1,36
62004.0,11200,1,36
50000.0,7900,1,36
108000.0,20000,1,60
86000.0,15000,0,36
73000.0,10000,1,36
65000.0,10000,1,36
148000.0,15600,1,36
42400.0,18000,1,36
103000.0,20000,1,60
38000.0,9600,1,36
110000.0,21000,1,60
52000.0,10000,1,36
52000.0,15600,1,36
200000.0,24000,1,60
50000.0,12000,1,36
55000.0,6000,0,36
76000.0,11000,1,36
80000.0,24000,1,60
49000.0,4600,1,36
104000.0,28000,0,60
54000.0,15200,1,36
18000.0,3925,1,36
110004.0,10000,1,60
48000.0,15000,1,36
44000.0,7925,1,36
34000.0,11325,1,36
50000.0,22000,1,60
52800.0,4000,1,36
144000.0,12000,1,36
44000.0,11200,1,36
70000.0,16000,1,60
22000.0,2100,0,36
40000.0,7750,1,36
55000.0,8000,1,36
40000.0,6000,1,36
67000.0,16000,1,36
140000.0,21600,1,36
37000.0,8000,0,36
60000.0,15000,1,36
32000.0,2375,1,36
70000.0,13200,1,36
38850.0,12000,1,36
40000.0,5000,1,36
45000.0,5825,0,36
19000.0,4500,1,36
35400.0,12375,1,36
90000.0,7500,1,36
21500.0,8400,1,36
195000.0,14000,1,36
32000.0,2225,0,36
24900.0,6000,1,36
48000.0,10000,1,36
30000.0,9550,0,36
52000.0,18675,1,36
24000.0,8000,1,36
35000.0,12250,1,36
45000.0,8000,0,36
56000.0,10000,1,36
32000.0,10000,1,36
35700.0,10000,1,36
155000.0,35000,1,60
53000.0,7200,1,36
50000.0,20000,1,36
47600.0,10000,1,36
53000.0,7000,1,36
79455.0,21625,0,60
83000.0,5000,1,36
130000.0,35000,1,36
68000.0,4000,1,36
25190.0,5500,1,36
95000.0,12000,1,36
27000.0,2600,1,36
90996.0,24000,1,36
30000.0,7750,1,36
92000.0,18000,1,36
78000.0,20500,1,60
130000.0,25000,1,36
62000.0,12000,1,36
50000.0,8800,1,36
55820.0,10000,1,36
30000.0,3375,1,36
45000.0,19750,0,36
190000.0,33000,1,36
82000.0,35000,1,60
130000.0,14675,1,36
165000.0,12000,1,36
108000.0,25000,1,60
67000.0,15000,1,36
58000.0,15000,1,36
19200.0,2100,0,36
95000.0,6000,1,36
70000.0,9450,1,60
113004.0,15000,1,36
94000.0,14400,1,60
39000.0,15000,1,36
214000.0,35000,1,60
46000.0,5000,0,36
104000.0,8000,1,36
46800.0,15000,0,60
89000.0,15000,1,36
46000.0,11500,1,36
55000.0,17975,1,36
90000.0,14675,1,36
50000.0,20000,1,36
175000.0,35000,1,36
30000.0,2625,1,36
26000.0,7000,1,36
30000.0,6075,1,36
63000.0,9375,1,36
36835.0,9600,1,36
85000.0,35000,0,36
80000.0,11500,0,36
74000.0,30000,0,36
95000.0,15000,1,36
42424.54,16950,0,60
31704.0,8150,0,36
43000.0,10800,1,60
48000.0,18000,1,36
105000.0,20550,0,36
70000.0,25000,1,60
58000.0,6000,1,36
60000.0,18500,0,60
86000.0,3750,1,36
80000.0,11000,1,36
51000.0,8000,1,36
175000.0,13375,0,36
32400.0,11300,1,36
42500.0,3000,1,36
62000.0,15000,0,36
60000.0,12000,1,36
35000.0,6000,1,36
70000.0,13000,1,60
152000.0,20950,1,60
65000.0,7200,1,36
115000.0,35000,1,36
10500.0,1000,0,36
35000.0,15000,0,36
100000.0,10000,1,36
48000.0,20000,1,36
62000.0,8000,1,36
35000.0,10000,1,36
180000.0,22800,1,36
42000.0,5000,0,36
110000.0,12000,1,36
97000.0,7000,1,36
64800.0,14000,1,60
40512.0,12000,0,60
37500.0,10000,1,36
88000.0,7300,1,36
125000.0,35000,1,60
50000.0,24000,1,60
18000.0,4950,1,36
94000.0,18400,1,60
55000.0,9750,1,36
85540.0,3500,1,36
71000.0,3200,1,36
48000.0,6500,1,36
65000.0,29175,1,36
77000.0,25000,1,60
85000.0,15000,1,36
32000.0,7800,1,36
80000.0,25000,1,60
21000.0,5875,1,36
82000.0,20000,1,60
88000.0,22400,1,60
45708.0,13200,1,60
69339.8,26250,0,60
82500.0,15000,1,36
33120.0,8375,1,60
38000.0,8325,1,36
111500.0,24000,1,36
85000.0,25000,1,36
155000.0,25000,1,60
68000.0,30000,1,36
60000.0,10000,1,36
33000.0,11000,1,36
55000.0,7500,1,36
100000.0,16000,1,36
120000.0,18000,1,36
75000.0,6000,1,36
50000.0,2000,1,36
37000.0,12000,1,36
54000.0,7575,1,60
158000.0,23400,0,60
55000.0,16000,0,36
60000.0,20000,1,36
138000.0,5000,1,36
79000.0,24000,1,60
68000.0,9650,0,36
33600.0,10000,1,36
55000.0,5000,1,36
52000.0,22850,1,60
32880.0,11100,1,36
45000.0,16800,1,36
32000.0,5500,1,36
118000.0,23000,0,60
33000.0,5000,1,36
35000.0,6500,1,36
43000.0,10400,1,36
74004.0,10000,1,36
60000.0,18000,1,36
60000.0,12000,1,36
65000.0,16000,1,36
40000.0,12000,1,36
50000.0,10000,1,36
70000.0,4200,1,36
61000.0,7000,1,36
33000.0,5275,1,36
75000.0,3250,1,36
68000.0,21000,0,60
40000.0,3500,1,36
58974.0,14075,1,36
80000.0,24000,1,36
32000.0,9000,0,36
35000.0,5000,1,36
33600.0,12800,1,60
75000.0,6000,1,36
75000.0,17825,1,60
70000.0,20000,1,36
78500.0,25600,1,60
25000.0,8450,1,36
55000.0,5000,0,36
66000.0,23275,1,36
77000.0,12500,1,36
25200.0,4000,1,36
53000.0,7500,1,36
250000.0,10000,0,36
77000.0,13200,1,36
35500.0,12175,0,36
50000.0,3600,1,36
60000.0,10000,1,36
62000.0,14000,1,36
125000.0,10000,1,36
175000.0,30000,1,36
71420.0,18500,1,36
79700.0,25000,1,36
115000.0,10000,1,36
36000.0,7000,1,36
131000.0,35000,1,60
55000.0,10000,1,36
100000.0,19075,0,60
100000.0,15000,1,36
140000.0,15000,1,36
130000.0,9600,1,36
45000.0,10000,1,36
38000.0,7000,1,36
66000.0,16800,1,36
45000.0,18000,1,36
76000.0,3000,1,36
100000.0,16000,1,36
75000.0,23000,1,36
135000.0,6800,1,36
38000.0,11400,0,36
72000.0,17600,1,60
54000.0,10000,1,36
55000.0,18000,0,36
50000.0,19200,1,36
60000.0,6000,1,36
36000.0,10000,1,36
65500.0,8800,1,36
54996.0,5000,1,36
53000.0,20700,1,60
90000.0,15275,1,36
75000.0,14000,1,36
45000.0,10125,1,36
41000.0,10000,1,36
56000.0,2400,1,36
18000.0,4750,1,36
46500.0,3000,1,36
42000.0,4950,1,36
50000.0,15225,1,60
39750.0,1425,1,36
35000.0,11500,1,36
97700.0,25000,1,36
110000.0,10000,1,36
30000.0,12000,1,36
130000.0,4000,1,36
38000.0,12000,1,36
165000.0,20000,1,36
90000.0,9600,1,36
48000.0,15000,1,36
52000.0,7200,1,36
84000.0,6600,1,36
50000.0,9250,0,36
41844.0,10000,1,36
78000.0,32000,0,60
75000.0,20000,1,36
52200.0,12400,0,36
54184.0,10000,1,36
62000.0,22750,1,60
76800.0,6400,1,36
32000.0,7500,1,36
103000.0,3000,1,36
20400.0,3500,1,36
36000.0,12000,0,36
150000.0,8500,1,36
65000.0,24000,1,60
80000.0,20000,0,60
95000.0,12000,1,36
47460.0,18550,1,60
115000.0,10000,1,36
82000.0,8000,1,36
58000.0,8000,1,36
56163.0,18000,1,60
59000.0,24000,0,60
75000.0,5375,1,36
40000.0,12000,1,36
36000.0,5600,1,36
95000.0,31050,1,36
50000.0,4200,1,36
64885.0,4000,1,36
57000.0,15000,1,36
76000.0,20000,0,60
55560.0,1450,1,36
225000.0,20000,1,36
72800.0,25725,1,60
56868.0,7200,1,60
50000.0,4800,1,36
57000.0,10000,1,36
97000.0,7000,1,36
40000.0,9900,1,36
34000.0,7200,1,36
47000.0,10000,0,36
115000.0,19000,1,36
39000.0,10000,1,60
52000.0,7775,1,36
80000.0,35000,1,36
75000.0,10000,1,36
30000.0,5000,1,36
306000.0,35000,1,36
105000.0,11500,1,36
50000.0,6400,1,36
65000.0,10000,0,36
145000.0,18000,1,60
40000.0,6000,1,36
30000.0,8400,0,36
85000.0,24000,1,60
97000.0,35000,1,60
18000.0,4950,0,36
125000.0,10000,1,36
53000.0,10000,1,36
54000.0,4000,1,36
42000.0,3000,1,36
33000.0,8000,0,36
160000.0,15000,1,36
102045.22,3000,1,36
62000.0,10000,1,36
350000.0,30000,1,36
50000.0,12000,0,36
98200.0,8000,0,36
60000.0,7000,1,36
26000.0,6500,1,36
330000.0,10000,1,36
45000.0,15800,1,36
50000.0,20000,1,36
100000.0,18000,1,36
78000.0,6000,1,36
40000.0,6000,1,36
47000.0,18000,0,60
95000.0,17800,0,60
40000.0,8800,1,36
40000.0,9600,1,36
58000.0,25000,1,36
34500.0,10000,1,36
42900.0,10000,1,36
70000.0,18000,1,36
42504.0,18725,1,60
50000.0,12500,1,60
105000.0,10500,1,36
58200.0,15000,1,60
42000.0,7675,0,36
87805.0,13450,1,36
165000.0,35000,0,60
105000.0,10000,1,36
101000.0,8000,1,36
150000.0,24000,1,36
82000.0,13000,1,36
140900.0,10000,1,36
100000.0,17000,1,36
28000.0,7500,1,36
22000.0,6075,1,36
65000.0,22500,1,36
52000.0,9800,1,36
37260.0,16800,1,60
85000.0,18000,1,36
46100.0,19300,1,60
95000.0,3000,1,36
54000.0,22675,1,60
38500.0,8800,1,36
70000.0,16000,1,36
30000.0,8800,1,36
22000.0,6000,1,36
68200.0,18725,0,60
103000.0,15000,1,36
85000.0,12000,1,36
62000.0,27575,1,60
65000.0,9000,1,36
21360.0,6000,1,36
56056.0,20600,0,60
86000.0,20000,1,36
132000.0,25600,0,60
80000.0,9450,0,60
112000.0,20000,1,36
96000.0,17000,1,36
72500.0,9000,1,36
35000.0,12875,1,36
53500.0,10000,1,36
82404.0,14400,1,36
108000.0,24000,1,36
96000.0,10000,0,36
70000.0,12000,1,36
60000.0,16800,1,36
90000.0,7000,1,36
37000.0,16450,1,60
70000.0,8500,1,36
93000.0,12000,1,60
31000.0,10625,1,36
88000.0,7500,1,36
70000.0,6000,1,36
80000.0,7500,1,36
32000.0,10625,1,36
25000.0,11475,0,36
65300.0,18350,1,60
25000.0,3500,1,36
115000.0,18000,0,36
144500.0,18000,1,36
23000.0,5000,0,36
30000.0,8500,1,36
60000.0,18000,1,60
54072.0,7000,1,36
80000.0,21200,0,60
45000.0,12000,1,36
65000.0,24000,1,36
50000.0,11325,1,60
56952.0,16025,1,36
46376.98,15775,1,36
80000.0,8000,1,36
72000.0,12000,1,36
70000.0,15850,1,36
28500.0,11100,1,36
45000.0,6400,1,36
25000.0,10750,1,36
81000.0,24000,1,60
63000.0,19425,1,36
100000.0,2000,1,36
40000.0,18000,1,36
65000.0,16800,1,60
48500.0,2500,1,36
75000.0,15000,1,36
80000.0,21600,1,60
55300.0,24875,1,36
74500.0,20000,1,60
250000.0,4200,1,36
43000.0,6400,1,36
43000.0,8500,0,36
65000.0,10000,1,36
55000.0,21925,1,60
94000.0,7000,1,36
90400.0,20000,1,60
40000.0,10000,1,36
78000.0,22400,1,36
75000.0,34475,0,60
93000.0,14000,1,36
142000.0,15000,1,36
81000.0,16800,1,60
105000.0,18000,1,36
55000.0,3275,1,36
50000.0,15600,1,36
34000.0,14125,1,60
89000.0,7200,1,36
32500.0,3000,1,36
100000.0,13200,1,36
42240.0,12000,1,36
200000.0,12000,1,36
35000.0,5000,1,36
72000.0,17000,1,60
44000.0,4100,1,36
104000.0,13200,1,36
150000.0,16800,0,60
37000.0,8000,1,36
83160.0,13000,1,36
50000.0,10500,1,36
51744.0,16000,0,60
72000.0,9000,1,36
55000.0,16800,1,36
37000.0,4075,0,36
72000.0,19000,0,36
40102.0,4000,1,36
50000.0,8000,1,36
56200.0,24925,1,36
55560.0,16250,1,60
17000.0,5000,1,36
48000.0,8800,1,36
49689.0,22000,0,60
43200.0,13500,1,60
35000.0,10225,1,36
60000.0,12000,1,36
70000.0,14000,1,36
85000.0,20000,1,36
55515.0,10800,1,60
75000.0,7000,1,36
80000.0,10000,1,36
48000.0,19150,1,60
85200.0,10000,1,60
90000.0,6000,1,36
70000.0,9600,1,36
140000.0,21000,0,60
34000.0,4000,1,36
37200.0,3000,1,36
40000.0,14325,0,60
76700.0,12000,1,36
250000.0,12000,1,36
74500.0,29000,1,36
40104.0,11000,1,36
40000.0,6050,0,36
32000.0,8200,0,36
64000.0,4900,1,36
28000.0,12250,0,36
53400.0,10000,1,36
78000.0,3000,1,36
55000.0,7500,1,36
32000.0,9450,0,36
32340.0,7000,1,36
114000.0,18000,1,60
87000.0,9000,1,36
80000.0,12000,1,60
20400.0,2800,1,60
100000.0,32350,1,36
122000.0,6000,1,36
121000.0,16000,1,36
60000.0,26500,1,36
80000.0,8400,1,36
60000.0,6000,1,36
40000.0,7500,1,36
30000.0,7275,1,36
73163.68,25000,1,36
50000.0,17975,0,60
52000.0,9000,1,36
53000.0,3625,1,36
52650.0,9200,1,36
140000.0,22400,1,36
31000.0,3775,1,36
97936.0,26000,1,36
72000.0,21500,1,60
111000.0,15000,1,36
31200.0,10000,1,36
50000.0,4000,1,36
150000.0,8125,1,36
132000.0,6000,1,36
55000.0,7000,1,36
77000.0,23000,1,36
90000.0,8000,1,36
53000.0,10000,1,36
69850.0,10000,1,36
67000.0,4000,1,36
70000.0,12000,1,36
41000.0,6000,1,36
48000.0,21600,1,60
80000.0,10200,1,60
175000.0,15000,1,36
108000.0,5900,1,36
35000.0,5000,1,36
65000.0,19000,1,36
124000.0,35000,1,36
65000.0,15000,1,36
35000.0,12250,1,36
43000.0,6600,1,36
90000.0,10000,1,36
105000.0,22500,1,60
33664.44,7050,0,60
30000.0,9250,1,60
58000.0,15000,1,36
78400.0,18000,1,36
130000.0,20000,1,36
45000.0,10000,1,36
66000.0,17375,1,60
103001.0,26000,1,60
87500.0,15000,1,36
95000.0,8000,1,36
50000.04,5500,1,36
160000.0,18000,1,36
57840.0,9000,1,36
85000.0,29700,0,60
60000.0,9975,1,36
60000.0,18000,1,36
98400.0,24000,1,60
41000.0,13975,0,60
97525.0,22000,0,36
45000.0,14650,0,36
75000.0,17500,0,36
85000.0,13500,1,60
44600.0,9000,1,36
40000.0,10000,1,36
30000.0,6000,1,60
62000.0,2400,1,36
85000.0,28000,1,36
130000.0,7500,1,36
146500.0,10000,0,36
46250.0,18000,1,36
29000.0,2000,1,36
46000.0,12000,1,36
72000.0,18000,1,36
21000.0,5550,1,36
35000.0,4850,1,36
83000.0,16000,1,36
95000.0,6000,1,36
110000.0,12000,1,60
35000.0,9750,1,36
60000.0,6000,1,36
53000.0,15000,1,36
73000.0,17000,1,36
36000.0,8575,0,36
210000.0,23950,1,36
60000.0,12000,1,36
80000.0,7250,1,36
112000.0,23500,1,60
26400.0,4000,1,36
15480.0,2650,1,36
92000.0,10000,1,36
100000.0,16800,1,60
55000.0,10000,1,36
90000.0,20000,1,36
64500.0,9000,1,36
83500.0,20000,1,36
40000.0,5000,0,36
63624.0,12000,1,36
31200.0,1000,1,36
51996.0,8500,1,36
70000.0,24000,1,36
75000.0,21600,1,60
65000.0,24000,0,36
68500.0,2000,1,36
33000.0,14775,1,60
